{
    "Jakarta - Bandung":
    [
    {"nama": "Argo Bromo Angrek",
    "kelas": "Eksekutif",
    "waktu_awal": "15:00",
    "waktu_akhir": "16:04",
    "harga": "Rp250.000"},
    {"nama": "Argo Lawu",
    "kelas": "Eksekutif",
    "waktu_awal": "09:20",
    "waktu_akhir": "10:34",
    "harga": "Rp200.000"},
    {"nama": "Argo Wilis",
    "kelas": "Eksekutif",
    "waktu_awal": "08:25",
    "waktu_akhir": "09:14",
    "harga": "Rp225.000"},
    {"nama": "Gajayana",
    "kelas": "Eksekutif",
    "waktu_awal": "14:00",
    "waktu_akhir": "15:04",
    "harga": "Rp200.000"},
    {"nama": "Argo Parahyangan Tambahan",
    "kelas": "Eksekutif",
    "waktu_awal": "14:00",
    "waktu_akhir": "15:04",
    "harga": "Rp250.000"},
    {"nama": "Cikuray",
    "kelas": "Ekonomi",
    "waktu_awal": "13:00",
    "waktu_akhir": "14:15",
    "harga": "Rp100.000"},
    {"nama": "Argo Parahyangan",
    "kelas": "Ekonomi",
    "waktu_awal": "17:00",
    "waktu_akhir": "18:15",
    "harga": "Rp70.000"}
    ], 
    "Jakarta - Cirebon":
    [
    {"nama": "Argo Semeru",
    "kelas": "Eksekutif",
    "waktu_awal": "06:20",
    "waktu_akhir": "08:04",
    "harga": "Rp280.000"},
    {"nama": "Argo Muria ",
    "kelas": "Eksekutif",
    "waktu_awal": "07:00",
    "waktu_akhir": "09:41",
    "harga": "Rp250.000"},
    {"nama": "Argo Bromo Angrek",
    "kelas": "Eksekutif",
    "waktu_awal": "08:20",
    "waktu_akhir": "10:11",
    "harga": "Rp300.000"},
    {"nama": "Sawunggalih",
    "kelas": "Eksekutif",
    "waktu_awal": "14:00",
    "waktu_akhir": "16:14",
    "harga": "Rp275.000"},
    {"nama": "Argo Cheribon",
    "kelas": "Ekonomi",
    "waktu_awal": "18:00",
    "waktu_akhir": "21:04",
    "harga": "Rp180.000"},
    {"nama": "Tawang Jaya Premium",
    "kelas": "Ekonomi",
    "waktu_awal": "17:15",
    "waktu_akhir": "19:45",
    "harga": "Rp190.000"},
    {"nama": "Gumarang",
    "kelas": "Eksekutif",
    "waktu_awal": "15:50",
    "waktu_akhir": "18:45",
    "harga": "Rp360.000"},
    {"nama": "Sembrani",
    "kelas": "Eksekutif",
    "waktu_awal": "10:20",
    "waktu_akhir": "19:45",
    "harga": "Rp275.000"},
    {"nama": "Jayabaya",
    "kelas": "Ekonomi",
    "waktu_awal": "16:45",
    "waktu_akhir": "19:43",
    "harga": "Rp95.000"}
    ],
    "Jakarta - Semarang":
    [
    {"nama": "Tawang Jaya Premium",
    "kelas": "Eksekutif",
    "waktu_awal": "07:30",
    "waktu_akhir": "14:15",
    "harga": "Rp300.000"},
    {"nama": "Matarmaja ",
    "kelas": "Ekonomi",
    "waktu_awal": "08:55",
    "waktu_akhir": "15:25",
    "harga": "Rp250.000"},
    {"nama": "Brantas",
    "kelas": "Ekonomi",
    "waktu_awal": "13:30",
    "waktu_akhir": "19:56",
    "harga": "Rp280.000"},
    {"nama": "Kertajaya",
    "kelas": "Ekonomi",
    "waktu_awal": "14:10",
    "waktu_akhir": "20:52",
    "harga": "Rp275.000"},
    {"nama": "Gumarang",
    "kelas": "Eksekutif",
    "waktu_awal": "15:50",
    "waktu_akhir": "22:21",
    "harga": "R400.000"},
    {"nama": "Jayabaya",
    "kelas": "Eksekutif",
    "waktu_awal": "16:45",
    "waktu_akhir": "23:08",
    "harga": "Rp380.000"},
    {"nama": "Menoreh",
    "kelas": "Ekonomi",
    "waktu_awal": "16:25",
    "waktu_akhir": "23:20",
    "harga": "Rp129.000"},
    {"nama": "Majapahit",
    "kelas": "Ekonomi",
    "waktu_awal": "17:10",
    "waktu_akhir": "23:43",
    "harga": "Rp170.000"},
    {"nama": "Tawang Jaya",
    "kelas": "Ekonomi",
    "waktu_awal": "00:40",
    "waktu_akhir": "10:32",
    "harga": "Rp150.000"}
    ],
    "Jakarta - Purwokerto":
    [
    {"nama": "Kutojaya Utara",
    "kelas": "Ekonomi",
    "waktu_awal": "04:55",
    "waktu_akhir": "10:34",
    "harga": "Rp170.000"},
    {"nama": "Serayu ",
    "kelas": "Ekonomi",
    "waktu_awal": "07:15",
    "waktu_akhir": "12:36",
    "harga": "Rp175.000"},
    {"nama": "Gaya Baru Malam Selatan",
    "kelas": "Eksekutif",
    "waktu_awal": "10:55",
    "waktu_akhir": "16:42",
    "harga": "Rp300.000"},
    {"nama": "Bangunkarta",
    "kelas": "Eksekutif",
    "waktu_awal": "11:40",
    "waktu_akhir": "17:06",
    "harga": "Rp360.000"},
    {"nama": "Jaka Tingkir",
    "kelas": "Ekonomi",
    "waktu_awal": "12:50",
    "waktu_akhir": "17:55",
    "harga": "Rp180.000"},
    {"nama": "Jayakarta",
    "kelas": "Ekonomi",
    "waktu_awal": "17:10",
    "waktu_akhir": "22:40",
    "harga": "Rp200.000"},
    {"nama": "Singasari",
    "kelas": "Eksekutif",
    "waktu_awal": "17:30",
    "waktu_akhir": "22:59",
    "harga": "Rp450.000"},
    {"nama": "Mataram",
    "kelas": "Eksekutif",
    "waktu_awal": "19:05",
    "waktu_akhir": "23:27",
    "harga": "Rp390.000"},
    {"nama": "Progo",
    "kelas": "Ekonomi",
    "waktu_awal": "00:30",
    "waktu_akhir": "06:14",
    "harga": "Rp460.000"}
    ],
    "Jakarta - Yogyakarta":
    [
    {"nama": "Taksaka",
    "kelas": "Eksekutif",
    "waktu_awal": "18:00",
    "waktu_akhir": "23:04",
    "harga": "Rp550.000"},
    {"nama": "Sancaka ",
    "kelas": "Eksekutif",
    "waktu_awal": "18:00",
    "waktu_akhir": "23:04",
    "harga": "Rp470.000"},
    {"nama": "Malioboro Ekspress",
    "kelas": "Eksekutif",
    "waktu_awal": "18:00",
    "waktu_akhir": "23:04",
    "harga": "Rp560.000"},
    {"nama": "Bima",
    "kelas": "Eksekutif",
    "waktu_awal": "18:00",
    "waktu_akhir": "23:04",
    "harga": "Rp400.000"},
    {"nama": "Gumarang",
    "kelas": "Eksekutif",
    "waktu_awal": "18:00",
    "waktu_akhir": "23:04",
    "harga": "Rp365.000"},
    {"nama": "Jaka Tingkir",
    "kelas": "Eksekutif",
    "waktu_awal": "18:00",
    "waktu_akhir": "23:04",
    "harga": "Rp360.000"},
    {"nama": "Mataram",
    "kelas": "Ekonomi",
    "waktu_awal": "00:05",
    "waktu_akhir": "08:08",
    "harga": "Rp250.000"},
    {"nama": "Bogowonto",
    "kelas": "Ekonomi",
    "waktu_awal": "00:00",
    "waktu_akhir": "08:31",
    "harga": "Rp275.000"},
    {"nama": "Fajar Utama Solo",
    "kelas": "Eksekutif",
    "waktu_awal": "05:55",
    "waktu_akhir": "13:34",
    "harga": "Rp475.000"}
    ],
    "Jakarta - Madiun":
    [
    {"nama": "Brawijaya",
    "kelas": "Eksekutif",
    "waktu_awal": "15:40",
    "waktu_akhir": "00:40",
    "harga": "Rp300.000"},
    {"nama": "Singasari ",
    "kelas": "Eksekutif",
    "waktu_awal": "20:55",
    "waktu_akhir": "07:51",
    "harga": "Rp475.000"},
    {"nama": "Argo Semeru",
    "kelas": "Eksekutif",
    "waktu_awal": "06:20",
    "waktu_akhir": "14:44",
    "harga": "Rp500.000"},
    {"nama": "Gaya Baru Malam Selatan",
    "kelas": "Eksekutif",
    "waktu_awal": "11:00",
    "waktu_akhir": "21:32",
    "harga": "Rp480.000"},
    {"nama": "Bangunkarta",
    "kelas": "Eksekutif",
    "waktu_awal": "12:25",
    "waktu_akhir": "22:22",
    "harga": "Rp490.000"},
    {"nama": "Brantas",
    "kelas": "Eksekutif",
    "waktu_awal": "13:30",
    "waktu_akhir": "23:46",
    "harga": "Rp495.000"},
    {"nama": "Majapahit",
    "kelas": "Ekonomi",
    "waktu_awal": "16:20",
    "waktu_akhir": "22:30",
    "harga": "Rp300.000"},
    {"nama": "Singasari",
    "kelas": "Ekonomi",
    "waktu_awal": "00:55",
    "waktu_akhir": "11:51",
    "harga": "Rp280.000"},
    {"nama": "Matarmaja ",
    "kelas": "Ekonomi",
    "waktu_awal": "10:45",
    "waktu_akhir": "22:00",
    "harga": "Rp360.000"}
    ],
    "Jakarta - Surabaya":
    [
    {"nama": "Sembrani",
    "kelas": "Eksekutif",
    "waktu_awal": "14:30",
    "waktu_akhir": "23:11",
    "harga": "Rp360.000"},
    {"nama": "Pandalungan",
    "kelas": "Eksekutif",
    "waktu_awal": "00:05",
    "waktu_akhir": "10:41",
    "harga": "Rp450.000"},
    {"nama": "Argo Bromo Angrek",
    "kelas": "Eksekutif",
    "waktu_awal": "00:30",
    "waktu_akhir": "08:35",
    "harga": "Rp550.000"},
    {"nama": "Gumarang",
    "kelas": "Eksekutif",
    "waktu_awal": "200:45",
    "waktu_akhir": "11:06",
    "harga": "Rp375.000"},
    {"nama": "Argo Semeru",
    "kelas": "Eksekutif",
    "waktu_awal": "06:20",
    "waktu_akhir": "16:50",
    "harga": "Rp480.000"},
    {"nama": "Dharmawangsa",
    "kelas": "Eksekutif",
    "waktu_awal": "08:40",
    "waktu_akhir": "19:41",
    "harga": "Rp560.000"},
    {"nama": "Kertajaya",
    "kelas": "Ekonomi",
    "waktu_awal": "12:30",
    "waktu_akhir": "23:02",
    "harga": "Rp280.000"},
    {"nama": "Jayabaya",
    "kelas": "Ekonomi",
    "waktu_awal": "13:25",
    "waktu_akhir": "23:56",
    "harga": "Rp300.000"},
    {"nama": "Gaya Baru Malam Selatan",
    "kelas": "Ekonomi",
    "waktu_awal": "10:00",
    "waktu_akhir": "23:03",
    "harga": "Rp280.000"}
    ],
    "Jakarta - Jember":
    [
    {"nama": "Brantas",
    "kelas": "Eksekutif",
    "waktu_awal": "14:30",
    "waktu_akhir": "23:11",
    "harga": "Rp120.000"},
    {"nama": "Singasari",
    "kelas": "Eksekutif",
    "waktu_awal": "00:55",
    "waktu_akhir": "11:38",
    "harga": "Rp115.000"}
    ],
    "Bandung - Cirebon":
    [
    {"nama": "Ciremai",
    "kelas": "Eksekutif",
    "waktu_awal": "16:50",
    "waktu_akhir": "21:17",
    "harga": "Rp215.000"},
    {"nama": "Harina",
    "kelas": "Eksekutif",
    "waktu_awal": "19:25",
    "waktu_akhir": "23:29",
    "harga": "Rp335.000"},
    {"nama": "Ciremai",
    "kelas": "Ekonomi",
    "waktu_awal": "16:50",
    "waktu_akhir": "21:17",
    "harga": "Rp130.000"},
    {"nama": "Harina",
    "kelas": "Ekonomi",
    "waktu_awal": "19:25",
    "waktu_akhir": "23:29",
    "harga": "Rp190.000"}
    ],
    "Bandung - Semarang":
    [
    {"nama": "Ciremai",
    "kelas": "Eksekutif",
    "waktu_awal": "16:50",
    "waktu_akhir": "00:59",
    "harga": "Rp395.000"},
    {"nama": "Harina",
    "kelas": "Eksekutif",
    "waktu_awal": "19:25",
    "waktu_akhir": "03:31",
    "harga": "Rp445.000"},
    {"nama": "Ciremai",
    "kelas": "Ekonomi",
    "waktu_awal": "16:50",
    "waktu_akhir": "01:09",
    "harga": "Rp230.000"},
    {"nama": "Harina",
    "kelas": "Ekonomi",
    "waktu_awal": "20:25",
    "waktu_akhir": "03:31",
    "harga": "Rp260.000"}
    ],
    "Bandung - Purwokerto":
    [
    {"nama": "Baturraden Ekspres",
    "kelas": "Eksekutif",
    "waktu_awal": "08:10",
    "waktu_akhir": "14:52",
    "harga": "Rp225.000"},
    {"nama": "Argo Wilis",
    "kelas": "Eksekutif",
    "waktu_awal": "07:40",
    "waktu_akhir": "14:35",
    "harga": "Rp445.000"},
    {"nama": "Mutiara Selatan",
    "kelas": "Ekonomi",
    "waktu_awal": "20:00",
    "waktu_akhir": "01:59",
    "harga": "Rp365.000"}
    ],
    "Bandung - Yogyakarta":
    [
    {"nama": "Argo Wilis",
    "kelas": "Eksekutif",
    "waktu_awal": "07:40",
    "waktu_akhir": "13:35",
    "harga": "Rp545.000"},
    {"nama": "Lodaya",
    "kelas": "Eksekutif",
    "waktu_awal": "06:55",
    "waktu_akhir": "13:55",
    "harga": "Rp445.000"},
    {"nama": "Malabar",
    "kelas": "Eksekutif",
    "waktu_awal": "17:20",
    "waktu_akhir": "00:09",
    "harga": "Rp425.000"},
    {"nama": "Turangga",
    "kelas": "Eksekutif",
    "waktu_awal": "18:10",
    "waktu_akhir": "00:19",
    "harga": "Rp465.000"},
    {"nama": "Mutiara Selatan",
    "kelas": "Ekonomi",
    "waktu_awal": "20:00",
    "waktu_akhir": "02:59",
    "harga": "Rp465.000"}
    ],
    "Bandung - Madiun":
    [
    {"nama": "Argo Wilis",
    "kelas": "Eksekutif",
    "waktu_awal": "07:40",
    "waktu_akhir": "15:23",
    "harga": "Rp640.000"},
    {"nama": "Malabar",
    "kelas": "Eksekutif",
    "waktu_awal": "17:20",
    "waktu_akhir": "02:35",
    "harga": "Rp625.000"},
    {"nama": "Turangga",
    "kelas": "Eksekutif",
    "waktu_awal": "18:10",
    "waktu_akhir": "02:11",
    "harga": "Rp570.000"},
    {"nama": "Mutiara Selatan",
    "kelas": "Ekonomi",
    "waktu_awal": "20:00",
    "waktu_akhir": "04:55",
    "harga": "Rp395.000"}
    ],
    "Bandung - Surabaya":
    [
    {"nama": "Argo Wilis",
    "kelas": "Eksekutif",
    "waktu_awal": "07:40",
    "waktu_akhir": "17:35",
    "harga": "Rp640.000"},
    {"nama": "Turangga",
    "kelas": "Eksekutif",
    "waktu_awal": "18:10",
    "waktu_akhir": "04:21",
    "harga": "Rp570.000"},
    {"nama": "Mutiara Selatan",
    "kelas": "Ekonomi",
    "waktu_awal": "20:00",
    "waktu_akhir": "07:08",
    "harga": "Rp420.000"}
    ],
    "Bandung - Jember":
    [
    {"nama": "Kahuripan",
    "kelas": "Ekonomi",
    "waktu_awal": "22:15",
    "waktu_akhir": "08:56",
    "harga": "Rp120.000"},
    {"nama": "Harina",
    "kelas": "Eksekutif",
    "waktu_awal": "13:34",
    "waktu_akhir": "00:32",
    "harga": "Rp235.000"}
    ],
    "Cirebon - Semarang":
    [
    {"nama": "Harina",
    "kelas": "Eksekutif",
    "waktu_awal": "00:34",
    "waktu_akhir": "03:32",
    "harga": "Rp335.000"},
    {"nama": "Argo Muria",
    "kelas": "Eksekutif",
    "waktu_awal": "01:06",
    "waktu_akhir": "03:45",
    "harga": "Rp325.000"},
    {"nama": "Argo Bromo Angrek",
    "kelas": "Eksekutif",
    "waktu_awal": "10:46",
    "waktu_akhir": "13:09",
    "harga": "Rp615.000"},
    {"nama": "Sembrani",
    "kelas": "Eksekutif",
    "waktu_awal": "12:56",
    "waktu_akhir": "15:25",
    "harga": "Rp510.000"},
    {"nama": "Tawang Jaya Premium",
    "kelas": "Ekonomi",
    "waktu_awal": "13:10",
    "waktu_akhir": "16:31",
    "harga": "Rp150.000"},
    {"nama": "Argo Merbabu",
    "kelas": "Eksekutif",
    "waktu_awal": "17:19",
    "waktu_akhir": "20:28",
    "harga": "Rp235.000"},
    {"nama": "Brawijaya",
    "kelas": "Eksekutif",
    "waktu_awal": "18:35",
    "waktu_akhir": "21:27",
    "harga": "Rp425.000"},
    {"nama": "Argo Sindoro",
    "kelas": "Eksekutif",
    "waktu_awal": "19:15",
    "waktu_akhir": "21:50",
    "harga": "Rp325.000"},
    {"nama": "Jayabaya",
    "kelas": "Ekonomi",
    "waktu_awal": "20:34",
    "waktu_akhir": "23:41",
    "harga": "Rp210.000"}
    ],
    "Cirebon - Purwokerto":
    [
    {"nama": "Taksaka Luxury Sleeper",
    "kelas": "Eksekutif",
    "waktu_awal": "00:05",
    "waktu_akhir": "01:48",
    "harga": "Rp1.250.000"},
    {"nama": "Singasari",
    "kelas": "Ekonomi",
    "waktu_awal": "00:26",
    "waktu_akhir": "02:29",
    "harga": "Rp205.000"},
    {"nama": "Mataram",
    "kelas": "Ekonomi",
    "waktu_awal": "00:53",
    "waktu_akhir": "02:44",
    "harga": "Rp250.000"},
    {"nama": "Manahan",
    "kelas": "Eksekutif",
    "waktu_awal": "01:38",
    "waktu_akhir": "03:31",
    "harga": "Rp445.000"},
    {"nama": "Ranggajati",
    "kelas": "Eksekutif",
    "waktu_awal": "06:45",
    "waktu_akhir": "08:53",
    "harga": "Rp250.000"},
    {"nama": "Fajar Utama Solo",
    "kelas": "Eksekutif",
    "waktu_awal": "08:36",
    "waktu_akhir": "10:21",
    "harga": "Rp375.000"},
    {"nama": "Argo Semeru",
    "kelas": "Eksekutif",
    "waktu_awal": "09:01",
    "waktu_akhir": "10:43",
    "harga": "Rp315.000"},
    {"nama": "Fajar Utama Yk",
    "kelas": "Ekonomi",
    "waktu_awal": "09:56",
    "waktu_akhir": "12:02",
    "harga": "Rp195.000"},
    {"nama": "Sawunggalih",
    "kelas": "Ekonomi",
    "waktu_awal": "10:12",
    "waktu_akhir": "12:17",
    "harga": "Rp140.000"}
    ],
    "Cirebon - Yogyakarta":
    [
    {"nama": "Taksaka Luxury Sleeper",
    "kelas": "Eksekutif",
    "waktu_awal": "00:05",
    "waktu_akhir": "04:00",
    "harga": "Rp1.250.000"},
    {"nama": "Singasari",
    "kelas": "Ekonomi",
    "waktu_awal": "00:26",
    "waktu_akhir": "04:37",
    "harga": "Rp275.000"},
    {"nama": "Mataram",
    "kelas": "Ekonomi",
    "waktu_awal": "00:53",
    "waktu_akhir": "04:46",
    "harga": "Rp235.000"},
    {"nama": "Manahan",
    "kelas": "Eksekutif",
    "waktu_awal": "01:38",
    "waktu_akhir": "05:58",
    "harga": "Rp445.000"},
    {"nama": "Ranggajati",
    "kelas": "Eksekutif",
    "waktu_awal": "06:45",
    "waktu_akhir": "11:32",
    "harga": "Rp315.000"},
    {"nama": "Fajar Utama Solo",
    "kelas": "Ekonomi",
    "waktu_awal": "08:36",
    "waktu_akhir": "12:32",
    "harga": "Rp205.000"},
    {"nama": "Argo Semeru",
    "kelas": "Eksekutif",
    "waktu_awal": "09:01",
    "waktu_akhir": "12:54",
    "harga": "Rp375.000"},
    {"nama": "Fajar Utama Yk",
    "kelas": "Ekonomi",
    "waktu_awal": "09:56",
    "waktu_akhir": "14:37",
    "harga": "Rp210.000"},
    {"nama": "Argo Dwipangga",
    "kelas": "Eksekutif",
    "waktu_awal": "11:21",
    "waktu_akhir": "14:58",
    "harga": "Rp520.000"}
    ],
    "Cirebon - Madiun":
    [
    {"nama": "Singasari",
    "kelas": "Ekonomi",
    "waktu_awal": "00:26",
    "waktu_akhir": "07:51",
    "harga": "Rp340.000"},
    {"nama": "Ranggajati",
    "kelas": "Eksekutif",
    "waktu_awal": "06:45",
    "waktu_akhir": "13:52",
    "harga": "Rp420.000"},
    {"nama": "Argo Semeru",
    "kelas": "Eksekutif",
    "waktu_awal": "09:01",
    "waktu_akhir": "14:44",
    "harga": "Rp520.000"},
    {"nama": "Bangunkarta",
    "kelas": "Ekonomi",
    "waktu_awal": "15:29",
    "waktu_akhir": "22:22",
    "harga": "Rp330.000"},
    {"nama": "Brawijaya",
    "kelas": "Eksekutif",
    "waktu_awal": "19:30",
    "waktu_akhir": "01:18",
    "harga": "Rp515.000"},
    {"nama": "Bima",
    "kelas": "Eksekutif",
    "waktu_awal": "19:30",
    "waktu_akhir": "01:18",
    "harga": "Rp560.000"},
    {"nama": "Jayakarta",
    "kelas": "Ekonomi",
    "waktu_awal": "20:16",
    "waktu_akhir": "03:37",
    "harga": "Rp290.000"},
    {"nama": "Gajayana",
    "kelas": "Eksekutif",
    "waktu_awal": "21:28",
    "waktu_akhir": "03:21",
    "harga": "Rp630.000"},
    {"nama": "Bangunkarta",
    "kelas": "Eksekutif",
    "waktu_awal": "15:29",
    "waktu_akhir": "22:22",
    "harga": "Rp465.000"}
    ],
    "Cirebon - Surabaya":
    [
    {"nama": "Harina",
    "kelas": "Eksekutif",
    "waktu_awal": "00:34",
    "waktu_akhir": "07:38",
    "harga": "Rp295.000"},
    {"nama": "Ranggajati",
    "kelas": "Eksekutif",
    "waktu_awal": "06:45",
    "waktu_akhir": "16:27",
    "harga": "Rp420.000"},
    {"nama": "Argo Bromo Angrek",
    "kelas": "Eksekutif",
    "waktu_awal": "10:46",
    "waktu_akhir": "16:25",
    "harga": "Rp795.000"},
    {"nama": "Sembrani",
    "kelas": "Eksekutif",
    "waktu_awal": "12:56",
    "waktu_akhir": "18:52",
    "harga": "Rp675.000"},
    {"nama": "Bima",
    "kelas": "Eksekutif",
    "waktu_awal": "19:30",
    "waktu_akhir": "03:30",
    "harga": "Rp640.000"},
    {"nama": "Jayakarta",
    "kelas": "Ekonomi",
    "waktu_awal": "20:16",
    "waktu_akhir": "06:16",
    "harga": "Rp380.000"},
    {"nama": "Jayabaya",
    "kelas": "Ekonomi",
    "waktu_awal": "20:34",
    "waktu_akhir": "04:18",
    "harga": "Rp350.000"},
    {"nama": "Argo Anggrek Luxury Sleeper",
    "kelas": "Eksekutif",
    "waktu_awal": "22:56",
    "waktu_akhir": "04:35",
    "harga": "Rp1.555.000"},
    {"nama": "Pandalungan",
    "kelas": "Eksekutif",
    "waktu_awal": "23:24",
    "waktu_akhir": "07:03",
    "harga": "Rp530.000"}
    ],
    "Cirebon - Jember":
    [
    {"nama": "Ranggajati",
    "kelas": "Eksekutif",
    "waktu_awal": "06:45",
    "waktu_akhir": "20:21",
    "harga": "Rp495.000"},
    {"nama": "Pandalungan",
    "kelas": "Eksekutif",
    "waktu_awal": "23:24",
    "waktu_akhir": "10:45",
    "harga": "Rp530.000"}
    ],
    "Semarang - Purwokerto":
    [
    {"nama": "Joglosemarkerto",
    "kelas": "Ekonomi",
    "waktu_awal": "07:32",
    "waktu_akhir": "14:23",
    "harga": "Rp200.000"},
    {"nama": "Joglosemarkerto",
    "kelas": "Eksekutif",
    "waktu_awal": "07:32",
    "waktu_akhir": "14:57",
    "harga": "Rp310.000"},
    {"nama": "Joglosemarkerto",
    "kelas": "Ekonomi",
    "waktu_awal": "07:32",
    "waktu_akhir": "14:57",
    "harga": "Rp175.000"},
    {"nama": "Kamandaka",
    "kelas": "Eksekutif",
    "waktu_awal": "06:25",
    "waktu_akhir": "16:02",
    "harga": "Rp315.000"},
    {"nama": "Matarmaja",
    "kelas": "Ekonomi",
    "waktu_awal": "17:57",
    "waktu_akhir": "21:30",
    "harga": "Rp130.000"},
    {"nama": "Sembrani",
    "kelas": "Eksekutif",
    "waktu_awal": "00:38",
    "waktu_akhir": "04:30",
    "harga": "Rp385.000"},
    {"nama": "Argo Bromo Angrek",
    "kelas": "Eksekutif",
    "waktu_awal": "01:22",
    "waktu_akhir": "04:57",
    "harga": "Rp490.000"},
    {"nama": "Pandalungan",
    "kelas": "Eksekutif",
    "waktu_awal": "02:42",
    "waktu_akhir": "07:41",
    "harga": "Rp260.000"}
    ],
    "Semarang - Yogyakarta":
    [
    {"nama": "Joglosemarkerto",
    "kelas": "Ekonomi",
    "waktu_awal": "07:32",
    "waktu_akhir": "11:46",
    "harga": "Rp175.000"},
    {"nama": "Kamandaka",
    "kelas": "Eksekutif",
    "waktu_awal": "06:25",
    "waktu_akhir": "11:02",
    "harga": "Rp215.000"},
    {"nama": "Joglosemarkerto",
    "kelas": "Eksekutif",
    "waktu_awal": "07:32",
    "waktu_akhir": "11:46",
    "harga": "Rp265.000"},
    {"nama": "Matarmaja",
    "kelas": "Ekonomi",
    "waktu_awal": "17:57",
    "waktu_akhir": "21:00",
    "harga": "Rp150.000"},
    {"nama": "Brantas",
    "kelas": "Ekonomi",
    "waktu_awal": "19:49",
    "waktu_akhir": "23:06",
    "harga": "Rp90.000"},
    {"nama": "Brawijaya",
    "kelas": "Eksekutif",
    "waktu_awal": "21:32",
    "waktu_akhir": "23:40",
    "harga": "Rp375.000"},
    {"nama": "Matarmaja",
    "kelas": "Ekonomi",
    "waktu_awal": "17:57",
    "waktu_akhir": "22:00",
    "harga": "Rp85.000"},
    {"nama": "Sembrani",
    "kelas": "Eksekutif",
    "waktu_awal": "00:38",
    "waktu_akhir": "03:11",
    "harga": "Rp485.000"},
    {"nama": "Argo Bromo Angrek",
    "kelas": "Eksekutif",
    "waktu_awal": "01:22",
    "waktu_akhir": "03:35",
    "harga": "Rp490.000"}
    ],
    "Semarang - Madiun":
    [
    {"nama": "Majapahit",
    "kelas": "Ekonomi",
    "waktu_awal": "02:04",
    "waktu_akhir": "05:30",
    "harga": "Rp175.000"},
    {"nama": "Matarmaja",
    "kelas": "Ekonomi",
    "waktu_awal": "17:57",
    "waktu_akhir": "22:00",
    "harga": "Rp170.000"},
    {"nama": "Brantas",
    "kelas": "Ekonomi",
    "waktu_awal": "19:49",
    "waktu_akhir": "00:06",
    "harga": "Rp140.000"},
    {"nama": "Brawijaya",
    "kelas": "Eksekutif",
    "waktu_awal": "21:32",
    "waktu_akhir": "00:40",
    "harga": "Rp390.000"},
    {"nama": "Matarmaja",
    "kelas": "Ekonomi",
    "waktu_awal": "17:57",
    "waktu_akhir": "22:00",
    "harga": "Rp130.000"},
    {"nama": "Blambangan Ekspres",
    "kelas": "Eksekutif",
    "waktu_awal": "18:15",
    "waktu_akhir": "22:35",
    "harga": "Rp240.000"},
    {"nama": "Airlangga",
    "kelas": "Ekonomi",
    "waktu_awal": "18:38",
    "waktu_akhir": "23:05",
    "harga": "Rp49.000"},
    {"nama": "Kertajaya",
    "kelas": "Ekonomi",
    "waktu_awal": "20:58",
    "waktu_akhir": "01:02",
    "harga": "Rp155.000"}
    ],
    "Semarang - Surabaya":
    [
    {"nama": "Sembrani",
    "kelas": "Eksekutif",
    "waktu_awal": "00:38",
    "waktu_akhir": "04:11",
    "harga": "Rp485.000"},
    {"nama": "Argo Bromo Angrek",
    "kelas": "Eksekutif",
    "waktu_awal": "01:22",
    "waktu_akhir": "04:35",
    "harga": "Rp590.000"},
    {"nama": "Pandalungan",
    "kelas": "Eksekutif",
    "waktu_awal": "02:42",
    "waktu_akhir": "06:41",
    "harga": "Rp260.000"},
    {"nama": "Gumarang",
    "kelas": "Eksekutif",
    "waktu_awal": "03:03",
    "waktu_akhir": "07:06",
    "harga": "Rp270.000"},
    {"nama": "Harina",
    "kelas": "Ekonomi",
    "waktu_awal": "03:38",
    "waktu_akhir": "07:38",
    "harga": "Rp295.000"},
    {"nama": "Ambara Ekspres",
    "kelas": "Ekonomi",
    "waktu_awal": "08:30",
    "waktu_akhir": "12:49",
    "harga": "Rp100.000"},
    {"nama": "Argo Bromo Angrek",
    "kelas": "Eksekutif",
    "waktu_awal": "13:12",
    "waktu_akhir": "16:25",
    "harga": "Rp615.000"},
    {"nama": "Sembrani",
    "kelas": "Eksekutif",
    "waktu_awal": "15:30",
    "waktu_akhir": "18:52",
    "harga": "Rp485.000"},
    {"nama": "Dharmawangsa",
    "kelas": "Ekonomi",
    "waktu_awal": "15:40",
    "waktu_akhir": "19:41",
    "harga": "Rp120.000"}
    ],
    "Semarang - Jember":
    [
    {"nama": "Pandalungan",
    "kelas": "Eksekutif",
    "waktu_awal": "02:42",
    "waktu_akhir": "10:10",
    "harga": "Rp375.000"},
    {"nama": "Blambangan Ekspres",
    "kelas": "Ekonomi",
    "waktu_awal": "18:15",
    "waktu_akhir": "02:17",
    "harga": "Rp300.000"}
    ],
    "Purwokerto - Yogyakarta":
    [
    {"nama": "Senja Utama YK",
    "kelas": "Ekonomi",
    "waktu_awal": "00:45",
    "waktu_akhir": "03:32",
    "harga": "Rp220.000"},
    {"nama": "Taksaka Luxury",
    "kelas": "Eksekutif",
    "waktu_awal": "01:53",
    "waktu_akhir": "03:55",
    "harga": "Rp1.375.000"},
    {"nama": "Mataram",
    "kelas": "Ekonomi",
    "waktu_awal": "02:40",
    "waktu_akhir": "05:08",
    "harga": "Rp240.000"},
    {"nama": "Bogowonto",
    "kelas": "Ekonomi",
    "waktu_awal": "04:47",
    "waktu_akhir": "07:31",
    "harga": "Rp225.000"},
    {"nama": "Ranggajati",
    "kelas": "Eksekutif",
    "waktu_awal": "08:58",
    "waktu_akhir": "11:32",
    "harga": "Rp315.000"},
    {"nama": "Fajar Utama Solo",
    "kelas": "Ekonomi",
    "waktu_awal": "10:26",
    "waktu_akhir": "12:32",
    "harga": "Rp205.000"},
    {"nama": "Argo Semeru",
    "kelas": "Eksekutif",
    "waktu_awal": "10:48",
    "waktu_akhir": "12:54",
    "harga": "Rp355.000"},
    {"nama": "Joglosemarkerto",
    "kelas": "Ekonomi",
    "waktu_awal": "11:51",
    "waktu_akhir": "14:49",
    "harga": "Rp120.000"},
    {"nama": "Argo Dwipangga",
    "kelas": "Eksekutif",
    "waktu_awal": "13:05",
    "waktu_akhir": "14:58",
    "harga": "Rp340.000"}
    ], 
    "Purwokerto - Madiun":
    [
    {"nama": "Logawa",
    "kelas": "Ekonomi",
    "waktu_awal": "05:30",
    "waktu_akhir": "11:01",
    "harga": "Rp195.000"},
    {"nama": "Bangunkarta",
    "kelas": "Eksekutif",
    "waktu_awal": "17:32",
    "waktu_akhir": "22:10",
    "harga": "Rp350.000"},
    {"nama": "Kertanegara",
    "kelas": "Ekonomi",
    "waktu_awal": "18:40",
    "waktu_akhir": "23:20",
    "harga": "Rp200.000"},
    {"nama": "Bima",
    "kelas": "Eksekutif",
    "waktu_awal": "21:20",
    "waktu_akhir": "01:18",
    "harga": "Rp315.000"},
    {"nama": "Ranggajati",
    "kelas": "Eksekutif",
    "waktu_awal": "08:58",
    "waktu_akhir": "15:52",
    "harga": "Rp345.000"},
    {"nama": "Gajayana",
    "kelas": "Eksekutif",
    "waktu_awal": "23:17",
    "waktu_akhir": "03:21",
    "harga": "Rp320.000"},
    {"nama": "Argo Semeru",
    "kelas": "Eksekutif",
    "waktu_awal": "10:48",
    "waktu_akhir": "14:44",
    "harga": "Rp315.000"},
    {"nama": "Singasari",
    "kelas": "Ekonomi",
    "waktu_awal": "23:05",
    "waktu_akhir": "04:55"},
    {"nama": "Jayakarta",
    "kelas": "Ekonomi",
    "waktu_awal": "22:46",
    "waktu_akhir": "04:08"}
    ], 
    "Purwokerto - Surabaya":
    [
    {"nama": "Logawa",
    "kelas": "Ekonomi",
    "waktu_awal": "05:30",
    "waktu_akhir": "13:10",
    "harga": "Rp255.000"},
    {"nama": "Logawa",
    "kelas": "Bisnis",
    "waktu_awal": "05:30",
    "waktu_akhir": "13:10",
    "harga": "Rp315.000"},
    {"nama": "Bima Priority",
    "kelas": "Eksekutif",
    "waktu_awal": "21:43",
    "waktu_akhir": "02:56",
    "harga": "Rp850.000"},
    {"nama": "Bima",
    "kelas": "Eksekutif",
    "waktu_awal": "21:20",
    "waktu_akhir": "02:47",
    "harga": "Rp480.000"},
    {"nama": "Ranggajati",
    "kelas": "Eksekutif",
    "waktu_awal": "08:37",
    "waktu_akhir": "15:49",
    "harga": "Rp335.000"},
    {"nama": "Gaya Baru Malam Selatan",
    "kelas": "Eksekutif",
    "waktu_awal": "16:35",
    "waktu_akhir": "23:40",
    "harga": "Rp340.000"},
    {"nama": "Gaya Baru Malam Selatan",
    "kelas": "Ekonomi",
    "waktu_awal": "16:35",
    "waktu_akhir": "23:40",
    "harga": "Rp265.000"},
    {"nama": "Argo Semeru",
    "kelas": "Eksekutif",
    "waktu_awal": "10:48",
    "waktu_akhir": "16:35",
    "harga": "Rp500.000"},
    {"nama": "Jayakarta",
    "kelas": "Ekonomi",
    "waktu_awal": "22:46",
    "waktu_akhir": "06:37",
    "harga": "Rp245.000"}
    ], 
    "Purwokerto - Jember":
    [
    {"nama": "Logawa",
    "kelas": "Ekonomi",
    "waktu_awal": "05:30",
    "waktu_akhir": "18:56",
    "harga": "Rp260.000"},
    {"nama": "Logawa",
    "kelas": "Bisnis",
    "waktu_awal": "05:30",
    "waktu_akhir": "18:56",
    "harga": "Rp410.000"},
    {"nama": "Ranggajati",
    "kelas": "Eksekutif",
    "waktu_awal": "08:37",
    "waktu_akhir": "15:49",
    "harga": "Rp535.000"},
    {"nama": "Ranggajati",
    "kelas": "Bisnis",
    "waktu_awal": "08:37",
    "waktu_akhir": "23:40",
    "harga": "Rp380.000"},
    {"nama": "Jayakarta",
    "kelas": "Ekonomi",
    "waktu_awal": "22:46",
    "waktu_akhir": "06:37",
    "harga": "Rp280.000"}
    ], 
    "Yogyakarta - Madiun":
    [
    {"nama": "Gajayana",
    "kelas": "Eksekutif",
    "waktu_awal": "01:39",
    "waktu_akhir": "03:20",
    "harga": "Rp420.000"},
    {"nama": "Mutiara Selatan",
    "kelas": "Eksekutif",
    "waktu_awal": "04:11",
    "waktu_akhir": "06:15",
    "harga": "Rp265.000"},
    {"nama": "Argo Wilis",
    "kelas": "Eksekutif",
    "waktu_awal": "14:21",
    "waktu_akhir": "16:06",
    "harga": "Rp360.000"},
    {"nama": "Sancaka",
    "kelas": "Eksekutif",
    "waktu_awal": "17:10",
    "waktu_akhir": "19:07",
    "harga": "Rp210.000"},
    {"nama": "Ranggajati",
    "kelas": "Eksekutif",
    "waktu_awal": "11:15",
    "waktu_akhir": "13:29",
    "harga": "Rp285.000"},
    {"nama": "Malabar",
    "kelas": "Ekonomi",
    "waktu_awal": "00:32",
    "waktu_akhir": "02:34",
    "harga": "Rp240.000"},
    {"nama": "Wijayakusuma",
    "kelas": "Ekonomi",
    "waktu_awal": "18:20",
    "waktu_akhir": "20:32",
    "harga": "Rp230.000"},
    {"nama": "Kertanegara",
    "kelas": "Eksekutif",
    "waktu_awal": "20:50",
    "waktu_akhir": "22:56",
    "harga": "Rp305.000"},
    {"nama": "Bangunkarta",
    "kelas": "Eksekutif",
    "waktu_awal": "19:47",
    "waktu_akhir": "22:09",
    "harga": "Rp275.000"}
    ], 
    "Yogyakarta - Surabaya":
    [
    {"nama": "Bima",
    "kelas": "Eksekutif",
    "waktu_awal": "00:14",
    "waktu_akhir": "04:11",
    "harga": "Rp415.000"},
    {"nama": "Bima Priority",
    "kelas": "Eksekutif",
    "waktu_awal": "00:14",
    "waktu_akhir": "04:11",
    "harga": "Rp500.000"},
    {"nama": "Mutiara Selatan",
    "kelas": "Eksekutif",
    "waktu_awal": "04:11",
    "waktu_akhir": "08:45",
    "harga": "Rp340.000"},
    {"nama": "Argo Wilis",
    "kelas": "Eksekutif",
    "waktu_awal": "14:21",
    "waktu_akhir": "18:010",
    "harga": "Rp440.000"},
    {"nama": "Sancaka",
    "kelas": "Eksekutif",
    "waktu_awal": "17:10",
    "waktu_akhir": "21:20",
    "harga": "Rp290.000"},
    {"nama": "Ranggajati",
    "kelas": "Eksekutif",
    "waktu_awal": "11:15",
    "waktu_akhir": "15:57",
    "harga": "Rp305.000"},
    {"nama": "Turangga",
    "kelas": "Eksekutif",
    "waktu_awal": "01:00",
    "waktu_akhir": "04:58",
    "harga": "Rp355.000"},
    {"nama": "Wijayakusuma",
    "kelas": "Ekonomi",
    "waktu_awal": "18:20",
    "waktu_akhir": "22:50",
    "harga": "Rp195.000"},
    {"nama": "Pasundan",
    "kelas": "Ekonomi",
    "waktu_awal": "16:50",
    "waktu_akhir": "20:36",
    "harga": "Rp170.000"}
    ], 
    "Yogyakarta - Jember":
    [
    {"nama": "Ranggajati",
    "kelas": "Eksekutif",
    "waktu_awal": "11:15",
    "waktu_akhir": "20:08",
    "harga": "Rp430.000"},
    {"nama": "Ranggajati",
    "kelas": "Bisnis",
    "waktu_awal": "11:15",
    "waktu_akhir": "20:08",
    "harga": "Rp305.000"},
    {"nama": "Sri Tanjung",
    "kelas": "Ekonomi",
    "waktu_awal": "20:05",
    "waktu_akhir": "05:18",
    "harga": "Rp120.000"},
    {"nama": "Wijayakusuma",
    "kelas": "Eksekutif",
    "waktu_awal": "18:20",
    "waktu_akhir": "03:10",
    "harga": "Rp420.000"},
    {"nama": "Wijayakusuma",
    "kelas": "Ekonomi",
    "waktu_awal": "18:20",
    "waktu_akhir": "03:10",
    "harga": "Rp310.000"},
    {"nama": "Logawa",
    "kelas": "Ekonomi",
    "waktu_awal": "14:50",
    "waktu_akhir": "23:46",
    "harga": "Rp240.000"}
    ], 
    "Madiun - Surabaya":
    [
    {"nama": "Ranggajati",
    "kelas": "Eksekutif",
    "waktu_awal": "13:57",
    "waktu_akhir": "15:57",
    "harga": "Rp325.000"},
    {"nama": "Bima",
    "kelas": "Eksekutif",
    "waktu_awal": "02:59",
    "waktu_akhir": "04:11",
    "harga": "Rp380.000"},
    {"nama": "Turangga",
    "kelas": "Eksekutif",
    "waktu_awal": "02:58",
    "waktu_akhir": "04:58",
    "harga": "Rp360.000"},
    {"nama": "Jayakarta",
    "kelas": "Ekonomi",
    "waktu_awal": "04:13",
    "waktu_akhir": "06:37",
    "harga": "Rp200.000"},
    {"nama": "Mutiara Selatan",
    "kelas": "Ekonomi",
    "waktu_awal": "06:22",
    "waktu_akhir": "08:45",
    "harga": "Rp220.000"},
    {"nama": "Logawa",
    "kelas": "Ekonomi",
    "waktu_awal": "11:22",
    "waktu_akhir": "14:40",
    "harga": "Rp170.000"},
    {"nama": "Sancaka",
    "kelas": "Ekonomi",
    "waktu_awal": "19:11",
    "waktu_akhir": "21:15",
    "harga": "Rp160.000"},
    {"nama": "Wijayakusuma",
    "kelas": "Eksekutif",
    "waktu_awal": "20:36",
    "waktu_akhir": "22:50",
    "harga": "Rp330.000"},
    {"nama": "Pasundan",
    "kelas": "Ekonomi",
    "waktu_awal": "21:10",
    "waktu_akhir": "23:58",
    "harga": "Rp140.000"}
    ], 
    "Madiun - Jember":
    [
    {"nama": "Logawa",
    "kelas": "Ekonomi",
    "waktu_awal": "11:22",
    "waktu_akhir": "18:40",
    "harga": "Rp225.000"},
    {"nama": "Logawa",
    "kelas": "Bisnis",
    "waktu_awal": "11:22",
    "waktu_akhir": "18:40",
    "harga": "Rp315.000"},
    {"nama": "Ranggajati",
    "kelas": "Eksekutif",
    "waktu_awal": "13:37",
    "waktu_akhir": "20:08",
    "harga": "Rp430.000"},
    {"nama": "Ranggajati",
    "kelas": "Bisnis",
    "waktu_awal": "13:37",
    "waktu_akhir": "20:08",
    "harga": "Rp280.000"},
    {"nama": "Sri Tanjung",
    "kelas": "Ekonomi",
    "waktu_awal": "09:45",
    "waktu_akhir": "17:24",
    "harga": "Rp100.000"},
    {"nama": "Wijayakusuma",
    "kelas": "Eksekutif",
    "waktu_awal": "20:36",
    "waktu_akhir": "22:50",
    "harga": "Rp345.000"},
    {"nama": "Wijayakusuma",
    "kelas": "Ekonomi",
    "waktu_awal": "20:36",
    "waktu_akhir": "22:50",
    "harga": "Rp270.000"}
    ],
    "Surabaya - Jember":
    [
    {"nama": "Logawa",
    "kelas": "Ekonomi",
    "waktu_awal": "14:38",
    "waktu_akhir": "18:40",
    "harga": "Rp160.000"},
    {"nama": "Logawa",
    "kelas": "Bisnis",
    "waktu_awal": "14:38",
    "waktu_akhir": "18:40",
    "harga": "Rp235.000"},
    {"nama": "Ranggajati",
    "kelas": "Eksekutif",
    "waktu_awal": "16:22",
    "waktu_akhir": "20:08",
    "harga": "Rp325.000"},
    {"nama": "Ranggajati",
    "kelas": "Bisnis",
    "waktu_awal": "16:22",
    "waktu_akhir": "20:08",
    "harga": "Rp230.000"},
    {"nama": "Sri Tanjung",
    "kelas": "Ekonomi",
    "waktu_awal": "13:40",
    "waktu_akhir": "17:24",
    "harga": "Rp90.000"},
    {"nama": "Wijayakusuma",
    "kelas": "Eksekutif",
    "waktu_awal": "23:35",
    "waktu_akhir": "03:10",
    "harga": "Rp310.000"},
    {"nama": "Wijayakusuma",
    "kelas": "Ekonomi",
    "waktu_awal": "23:35",
    "waktu_akhir": "03:10",
    "harga": "Rp230.000"},
    {"nama": "Blambangan Ekspres",
    "kelas": "Eksekutif",
    "waktu_awal": "22:44",
    "waktu_akhir": "02:24",
    "harga": "Rp315.000"},
    {"nama": "Blambangan Ekspres",
    "kelas": "Ekonomi",
    "waktu_awal": "22:44",
    "waktu_akhir": "02:24",
    "harga": "Rp250.000"}
    ],
    "Jember - Surabaya":
    [
    {"nama": "Logawa",
    "kelas": "Ekonomi",
    "waktu_awal": "02:38",
    "waktu_akhir": "06:40",
    "harga": "Rp160.000"},
    {"nama": "Logawa",
    "kelas": "Bisnis",
    "waktu_awal": "02:38",
    "waktu_akhir": "06:40",
    "harga": "Rp235.000"},
    {"nama": "Ranggajati",
    "kelas": "Eksekutif",
    "waktu_awal": "04:22",
    "waktu_akhir": "08:08",
    "harga": "Rp325.000"},
    {"nama": "Ranggajati",
    "kelas": "Bisnis",
    "waktu_awal": "04:22",
    "waktu_akhir": "08:08",
    "harga": "Rp230.000"},
    {"nama": "Sri Tanjung",
    "kelas": "Ekonomi",
    "waktu_awal": "01:40",
    "waktu_akhir": "05:24",
    "harga": "Rp90.000"},
    {"nama": "Wijayakusuma",
    "kelas": "Eksekutif",
    "waktu_awal": "11:35",
    "waktu_akhir": "15:10",
    "harga": "Rp310.000"},
    {"nama": "Wijayakusuma",
    "kelas": "Ekonomi",
    "waktu_awal": "11:35",
    "waktu_akhir": "15:10",
    "harga": "Rp230.000"},
    {"nama": "Blambangan Ekspres",
    "kelas": "Eksekutif",
    "waktu_awal": "10:44",
    "waktu_akhir": "14:24",
    "harga": "Rp315.000"},
    {"nama": "Blambangan Ekspres",
    "kelas": "Ekonomi",
    "waktu_awal": "10:44",
    "waktu_akhir": "14 :24",
    "harga": "Rp250.000"}
    ],
    "Jember - Madiun":
    [
    {"nama": "Logawa",
    "kelas": "Ekonomi",
    "waktu_awal": "23:22",
    "waktu_akhir": "06:40",
    "harga": "Rp225.000"},
    {"nama": "Logawa",
    "kelas": "Bisnis",
    "waktu_awal": "23:22",
    "waktu_akhir": "06:40",
    "harga": "Rp315.000"},
    {"nama": "Ranggajati",
    "kelas": "Eksekutif",
    "waktu_awal": "01:37",
    "waktu_akhir": "08:08",
    "harga": "Rp430.000"},
    {"nama": "Ranggajati",
    "kelas": "Bisnis",
    "waktu_awal": "01:37",
    "waktu_akhir": "08:08",
    "harga": "Rp280.000"},
    {"nama": "Sri Tanjung",
    "kelas": "Ekonomi",
    "waktu_awal": "21:45",
    "waktu_akhir": "05:24",
    "harga": "Rp100.000"},
    {"nama": "Wijayakusuma",
    "kelas": "Eksekutif",
    "waktu_awal": "08:36",
    "waktu_akhir": "10:50",
    "harga": "Rp345.000"},
    {"nama": "Wijayakusuma",
    "kelas": "Ekonomi",
    "waktu_awal": "08:36",
    "waktu_akhir": "10:50",
    "harga": "Rp270.000"}
    ],
    "Jember - Yogyakarta":
    [
    {"nama": "Ranggajati",
    "kelas": "Eksekutif",
    "waktu_awal": "23:15",
    "waktu_akhir": "08:08",
    "harga": "Rp430.000"},
    {"nama": "Ranggajati",
    "kelas": "Bisnis",
    "waktu_awal": "23:15",
    "waktu_akhir": "08:08",
    "harga": "Rp305.000"},
    {"nama": "Sri Tanjung",
    "kelas": "Ekonomi",
    "waktu_awal": "08:05",
    "waktu_akhir": "17:18",
    "harga": "Rp120.000"},
    {"nama": "Wijayakusuma",
    "kelas": "Eksekutif",
    "waktu_awal": "06:20",
    "waktu_akhir": "15:10",
    "harga": "Rp420.000"},
    {"nama": "Wijayakusuma",
    "kelas": "Ekonomi",
    "waktu_awal": "06:20",
    "waktu_akhir": "15:10",
    "harga": "Rp310.000"},
    {"nama": "Logawa",
    "kelas": "Ekonomi",
    "waktu_awal": "02:50",
    "waktu_akhir": "11:46",
    "harga": "Rp240.000"}
    ],
    "Jember - Purwokerto":
    [
    {"nama": "Logawa",
    "kelas": "Ekonomi",
    "waktu_awal": "17:30",
    "waktu_akhir": "06:56",
    "harga": "Rp260.000"},
    {"nama": "Logawa",
    "kelas": "Bisnis",
    "waktu_awal": "17:30",
    "waktu_akhir": "06:56",
    "harga": "Rp410.000"},
    {"nama": "Ranggajati",
    "kelas": "Eksekutif",
    "waktu_awal": "20:37",
    "waktu_akhir": "03:49",
    "harga": "Rp535.000"},
    {"nama": "Ranggajati",
    "kelas": "Bisnis",
    "waktu_awal": "20:37",
    "waktu_akhir": "03:49",
    "harga": "Rp380.000"},
    {"nama": "Jayakarta",
    "kelas": "Ekonomi",
    "waktu_awal": "10:46",
    "waktu_akhir": "18:37",
    "harga": "Rp280.000"}
    ], 
    "Jember - Semarang":
    [
    {"nama": "Pandalungan",
    "kelas": "Eksekutif",
    "waktu_awal": "14:42",
    "waktu_akhir": "22:10",
    "harga": "Rp375.000"},
    {"nama": "Blambangan Ekspres",
    "kelas": "Ekonomi",
    "waktu_awal": "06:15",
    "waktu_akhir": "14:17",
    "harga": "Rp300.000"}
    ],
    "Jember - Cirebon":
    [
    {"nama": "Ranggajati",
    "kelas": "Eksekutif",
    "waktu_awal": "18:45",
    "waktu_akhir": "08:21",
    "harga": "Rp495.000"},
    {"nama": "Pandalungan",
    "kelas": "Eksekutif",
    "waktu_awal": "11:24",
    "waktu_akhir": "22:45",
    "harga": "Rp530.000"}
    ],
    "Jember - Bandung":
    [
    {"nama": "Kahuripan",
    "kelas": "Ekonomi",
    "waktu_awal": "10:15",
    "waktu_akhir": "20:56",
    "harga": "Rp120.000"},
    {"nama": "Harina",
    "kelas": "Eksekutif",
    "waktu_awal": "01:34",
    "waktu_akhir": "12:32",
    "harga": "Rp235.000"}
    ],
    "Jember - Jakarta":
    [
    {"nama": "Brantas",
    "kelas": "Eksekutif",
    "waktu_awal": "07:30",
    "waktu_akhir": "16:11",
    "harga": "Rp120.000"},
    {"nama": "Singasari",
    "kelas": "Eksekutif",
    "waktu_awal": "08:55",
    "waktu_akhir": "19:38",
    "harga": "Rp115.000"}
    ],
    "Surabaya - Madiun":
    [
    {"nama": "Ranggajati",
    "kelas": "Eksekutif",
    "waktu_awal": "01:57",
    "waktu_akhir": "03:57",
    "harga": "Rp325.000"},
    {"nama": "Bima",
    "kelas": "Eksekutif",
    "waktu_awal": "14:59",
    "waktu_akhir": "16:11",
    "harga": "Rp380.000"},
    {"nama": "Turangga",
    "kelas": "Eksekutif",
    "waktu_awal": "14:58",
    "waktu_akhir": "16:58",
    "harga": "Rp360.000"},
    {"nama": "Jayakarta",
    "kelas": "Ekonomi",
    "waktu_awal": "16:13",
    "waktu_akhir": "18:37",
    "harga": "Rp200.000"},
    {"nama": "Mutiara Selatan",
    "kelas": "Ekonomi",
    "waktu_awal": "18:22",
    "waktu_akhir": "20:45",
    "harga": "Rp220.000"},
    {"nama": "Logawa",
    "kelas": "Ekonomi",
    "waktu_awal": "23:22",
    "waktu_akhir": "02:40",
    "harga": "Rp170.000"},
    {"nama": "Sancaka",
    "kelas": "Ekonomi",
    "waktu_awal": "07:11",
    "waktu_akhir": "09:15",
    "harga": "Rp160.000"},
    {"nama": "Wijayakusuma",
    "kelas": "Eksekutif",
    "waktu_awal": "08:36",
    "waktu_akhir": "10:50",
    "harga": "Rp330.000"},
    {"nama": "Pasundan",
    "kelas": "Ekonomi",
    "waktu_awal": "09:10",
    "waktu_akhir": "11:58",
    "harga": "Rp140.000"}
    ], 
    "Surabaya - Yogyakarta":
    [
    {"nama": "Bima",
    "kelas": "Eksekutif",
    "waktu_awal": "12:14",
    "waktu_akhir": "16:11",
    "harga": "Rp415.000"},
    {"nama": "Bima Priority",
    "kelas": "Eksekutif",
    "waktu_awal": "12:14",
    "waktu_akhir": "16:11",
    "harga": "Rp500.000"},
    {"nama": "Mutiara Selatan",
    "kelas": "Eksekutif",
    "waktu_awal": "16:11",
    "waktu_akhir": "20:45",
    "harga": "Rp340.000"},
    {"nama": "Argo Wilis",
    "kelas": "Eksekutif",
    "waktu_awal": "02:21",
    "waktu_akhir": "06:01",
    "harga": "Rp440.000"},
    {"nama": "Sancaka",
    "kelas": "Eksekutif",
    "waktu_awal": "05:10",
    "waktu_akhir": "09:20",
    "harga": "Rp290.000"},
    {"nama": "Ranggajati",
    "kelas": "Eksekutif",
    "waktu_awal": "23:15",
    "waktu_akhir": "03:57",
    "harga": "Rp305.000"},
    {"nama": "Turangga",
    "kelas": "Eksekutif",
    "waktu_awal": "13:00",
    "waktu_akhir": "16:58",
    "harga": "Rp355.000"},
    {"nama": "Wijayakusuma",
    "kelas": "Ekonomi",
    "waktu_awal": "06:20",
    "waktu_akhir": "10:50",
    "harga": "Rp195.000"},
    {"nama": "Pasundan",
    "kelas": "Ekonomi",
    "waktu_awal": "04:50",
    "waktu_akhir": "09:36",
    "harga": "Rp170.000"}
    ], 
    "Surabaya - Purwokerto":
    [
    {"nama": "Logawa",
    "kelas": "Ekonomi",
    "waktu_awal": "17:30",
    "waktu_akhir": "01:10",
    "harga": "Rp255.000"},
    {"nama": "Logawa",
    "kelas": "Bisnis",
    "waktu_awal": "17:30",
    "waktu_akhir": "01:10",
    "harga": "Rp315.000"},
    {"nama": "Bima Priority",
    "kelas": "Eksekutif",
    "waktu_awal": "09:43",
    "waktu_akhir": "14:56",
    "harga": "Rp850.000"},
    {"nama": "Bima",
    "kelas": "Eksekutif",
    "waktu_awal": "09:43",
    "waktu_akhir": "14:56",
    "harga": "Rp480.000"},
    {"nama": "Ranggajati",
    "kelas": "Eksekutif",
    "waktu_awal": "20:37",
    "waktu_akhir": "03:49",
    "harga": "Rp335.000"},
    {"nama": "Gaya Baru Malam Selatan",
    "kelas": "Eksekutif",
    "waktu_awal": "04:35",
    "waktu_akhir": "11:40",
    "harga": "Rp340.000"},
    {"nama": "Gaya Baru Malam Selatan",
    "kelas": "Ekonomi",
    "waktu_awal": "04:35",
    "waktu_akhir": "11:40",
    "harga": "Rp265.000"},
    {"nama": "Argo Semeru",
    "kelas": "Eksekutif",
    "waktu_awal": "22:48",
    "waktu_akhir": "04:35",
    "harga": "Rp500.000"},
    {"nama": "Jayakarta",
    "kelas": "Ekonomi",
    "waktu_awal": "10:46",
    "waktu_akhir": "18:37",
    "harga": "Rp245.000"}
    ], 
    "Surabaya - Semarang":
    [
    {"nama": "Sembrani",
    "kelas": "Eksekutif",
    "waktu_awal": "12:38",
    "waktu_akhir": "16:11",
    "harga": "Rp485.000"},
    {"nama": "Argo Bromo Angrek",
    "kelas": "Eksekutif",
    "waktu_awal": "13:22",
    "waktu_akhir": "16:35",
    "harga": "Rp590.000"},
    {"nama": "Pandalungan",
    "kelas": "Eksekutif",
    "waktu_awal": "14:42",
    "waktu_akhir": "18:41",
    "harga": "Rp260.000"},
    {"nama": "Gumarang",
    "kelas": "Eksekutif",
    "waktu_awal": "15:03",
    "waktu_akhir": "19:06",
    "harga": "Rp270.000"},
    {"nama": "Harina",
    "kelas": "Ekonomi",
    "waktu_awal": "15:38",
    "waktu_akhir": "19:38",
    "harga": "Rp295.000"},
    {"nama": "Ambara Ekspres",
    "kelas": "Ekonomi",
    "waktu_awal": "20:30",
    "waktu_akhir": "00:49",
    "harga": "Rp100.000"},
    {"nama": "Argo Bromo Angrek",
    "kelas": "Eksekutif",
    "waktu_awal": "01:12",
    "waktu_akhir": "04:25",
    "harga": "Rp615.000"},
    {"nama": "Sembrani",
    "kelas": "Eksekutif",
    "waktu_awal": "03:30",
    "waktu_akhir": "06:52",
    "harga": "Rp485.000"},
    {"nama": "Dharmawangsa",
    "kelas": "Ekonomi",
    "waktu_awal": "03:40",
    "waktu_akhir": "07:41",
    "harga": "Rp120.000"}
    ],
    "Surabaya - Cirebon":
    [
    {"nama": "Harina",
    "kelas": "Eksekutif",
    "waktu_awal": "12:34",
    "waktu_akhir": "19:38",
    "harga": "Rp295.000"},
    {"nama": "Ranggajati",
    "kelas": "Eksekutif",
    "waktu_awal": "18:45",
    "waktu_akhir": "04:27",
    "harga": "Rp420.000"},
    {"nama": "Argo Bromo Angrek",
    "kelas": "Eksekutif",
    "waktu_awal": "22:46",
    "waktu_akhir": "04:25",
    "harga": "Rp795.000"},
    {"nama": "Sembrani",
    "kelas": "Eksekutif",
    "waktu_awal": "00:56",
    "waktu_akhir": "06:52",
    "harga": "Rp675.000"},
    {"nama": "Bima",
    "kelas": "Eksekutif",
    "waktu_awal": "07:30",
    "waktu_akhir": "15:30",
    "harga": "Rp640.000"},
    {"nama": "Jayakarta",
    "kelas": "Ekonomi",
    "waktu_awal": "08:16",
    "waktu_akhir": "18:16",
    "harga": "Rp380.000"},
    {"nama": "Jayabaya",
    "kelas": "Ekonomi",
    "waktu_awal": "08:34",
    "waktu_akhir": "16:18",
    "harga": "Rp350.000"},
    {"nama": "Argo Anggrek Luxury Sleeper",
    "kelas": "Eksekutif",
    "waktu_awal": "10:56",
    "waktu_akhir": "16:35",
    "harga": "Rp1.555.000"},
    {"nama": "Pandalungan",
    "kelas": "Eksekutif",
    "waktu_awal": "11:24",
    "waktu_akhir": "19:03",
    "harga": "Rp530.000"}
    ],
    "Surabaya - Bandung":
    [
    {"nama": "Argo Wilis",
    "kelas": "Eksekutif",
    "waktu_awal": "19:40",
    "waktu_akhir": "05:35",
    "harga": "Rp640.000"},
    {"nama": "Turangga",
    "kelas": "Eksekutif",
    "waktu_awal": "06:10",
    "waktu_akhir": "16:21",
    "harga": "Rp570.000"},
    {"nama": "Mutiara Selatan",
    "kelas": "Ekonomi",
    "waktu_awal": "08:00",
    "waktu_akhir": "19:08",
    "harga": "Rp420.000"}
    ],
    "Surabaya - Jakarta":
    [
    {"nama": "Sembrani",
    "kelas": "Eksekutif",
    "waktu_awal": "07:30",
    "waktu_akhir": "16:11",
    "harga": "Rp360.000"},
    {"nama": "Pandalungan",
    "kelas": "Eksekutif",
    "waktu_awal": "08:05",
    "waktu_akhir": "18:41",
    "harga": "Rp450.000"},
    {"nama": "Argo Bromo Angrek",
    "kelas": "Eksekutif",
    "waktu_awal": "08:30",
    "waktu_akhir": "16:35",
    "harga": "Rp550.000"},
    {"nama": "Gumarang",
    "kelas": "Eksekutif",
    "waktu_awal": "08:45",
    "waktu_akhir": "19:06",
    "harga": "Rp375.000"},
    {"nama": "Argo Semeru",
    "kelas": "Eksekutif",
    "waktu_awal": "18:20",
    "waktu_akhir": "04:50",
    "harga": "Rp480.000"},
    {"nama": "Dharmawangsa",
    "kelas": "Eksekutif",
    "waktu_awal": "20:40",
    "waktu_akhir": "07:41",
    "harga": "Rp560.000"},
    {"nama": "Kertajaya",
    "kelas": "Ekonomi",
    "waktu_awal": "02:30",
    "waktu_akhir": "13:02",
    "harga": "Rp280.000"},
    {"nama": "Jayabaya",
    "kelas": "Ekonomi",
    "waktu_awal": "05:25",
    "waktu_akhir": "15:56",
    "harga": "Rp300.000"},
    {"nama": "Gaya Baru Malam Selatan",
    "kelas": "Ekonomi",
    "waktu_awal": "23:00",
    "waktu_akhir": "12:03",
    "harga": "Rp280.000"}
    ],
    "Madiun - Yogyakarta":
    [
    {"nama": "Gajayana",
    "kelas": "Eksekutif",
    "waktu_awal": "13:39",
    "waktu_akhir": "15:20",
    "harga": "Rp420.000"},
    {"nama": "Mutiara Selatan",
    "kelas": "Eksekutif",
    "waktu_awal": "16:11",
    "waktu_akhir": "18:15",
    "harga": "Rp265.000"},
    {"nama": "Argo Wilis",
    "kelas": "Eksekutif",
    "waktu_awal": "02:21",
    "waktu_akhir": "04:06",
    "harga": "Rp360.000"},
    {"nama": "Sancaka",
    "kelas": "Eksekutif",
    "waktu_awal": "05:10",
    "waktu_akhir": "07:07",
    "harga": "Rp210.000"},
    {"nama": "Ranggajati",
    "kelas": "Eksekutif",
    "waktu_awal": "23:15",
    "waktu_akhir": "01:29",
    "harga": "Rp285.000"},
    {"nama": "Malabar",
    "kelas": "Ekonomi",
    "waktu_awal": "12:32",
    "waktu_akhir": "14:34",
    "harga": "Rp240.000"},
    {"nama": "Wijayakusuma",
    "kelas": "Ekonomi",
    "waktu_awal": "06:20",
    "waktu_akhir": "08:32",
    "harga": "Rp230.000"},
    {"nama": "Kertanegara",
    "kelas": "Eksekutif",
    "waktu_awal": "08:50",
    "waktu_akhir": "10:56",
    "harga": "Rp305.000"},
    {"nama": "Bangunkarta",
    "kelas": "Eksekutif",
    "waktu_awal": "07:47",
    "waktu_akhir": "10:09",
    "harga": "Rp275.000"}
    ], 
    "Madiun - Purwokerto":
    [
    {"nama": "Logawa",
    "kelas": "Ekonomi",
    "waktu_awal": "17:30",
    "waktu_akhir": "23:01",
    "harga": "Rp195.000"},
    {"nama": "Bangunkarta",
    "kelas": "Eksekutif",
    "waktu_awal": "05:32",
    "waktu_akhir": "10:10",
    "harga": "Rp350.000"},
    {"nama": "Kertanegara",
    "kelas": "Ekonomi",
    "waktu_awal": "06:40",
    "waktu_akhir": "11:20",
    "harga": "Rp200.000"},
    {"nama": "Bima",
    "kelas": "Eksekutif",
    "waktu_awal": "09:20",
    "waktu_akhir": "13:18",
    "harga": "Rp315.000"},
    {"nama": "Ranggajati",
    "kelas": "Eksekutif",
    "waktu_awal": "20:58",
    "waktu_akhir": "03:52",
    "harga": "Rp345.000"},
    {"nama": "Gajayana",
    "kelas": "Eksekutif",
    "waktu_awal": "11:17",
    "waktu_akhir": "15:21",
    "harga": "Rp320.000"},
    {"nama": "Argo Semeru",
    "kelas": "Eksekutif",
    "waktu_awal": "22:48",
    "waktu_akhir": "02:44",
    "harga": "Rp315.000"},
    {"nama": "Singasari",
    "kelas": "Ekonomi",
    "waktu_awal": "11:05",
    "waktu_akhir": "16:55"},
    {"nama": "Jayakarta",
    "kelas": "Ekonomi",
    "waktu_awal": "10:46",
    "waktu_akhir": "16:08"}
    ], 
    "Madiun - Semarang":
    [
    {"nama": "Majapahit",
    "kelas": "Ekonomi",
    "waktu_awal": "14:04",
    "waktu_akhir": "17:30",
    "harga": "Rp175.000"},
    {"nama": "Matarmaja",
    "kelas": "Ekonomi",
    "waktu_awal": "05:57",
    "waktu_akhir": "08:00",
    "harga": "Rp170.000"},
    {"nama": "Brantas",
    "kelas": "Ekonomi",
    "waktu_awal": "07:49",
    "waktu_akhir": "12:06",
    "harga": "Rp140.000"},
    {"nama": "Brawijaya",
    "kelas": "Eksekutif",
    "waktu_awal": "09:32",
    "waktu_akhir": "12:40",
    "harga": "Rp390.000"},
    {"nama": "Matarmaja",
    "kelas": "Ekonomi",
    "waktu_awal": "05:57",
    "waktu_akhir": "10:00",
    "harga": "Rp130.000"},
    {"nama": "Blambangan Ekspres",
    "kelas": "Eksekutif",
    "waktu_awal": "06:15",
    "waktu_akhir": "10:35",
    "harga": "Rp240.000"},
    {"nama": "Airlangga",
    "kelas": "Ekonomi",
    "waktu_awal": "06:38",
    "waktu_akhir": "11:05",
    "harga": "Rp49.000"},
    {"nama": "Kertajaya",
    "kelas": "Ekonomi",
    "waktu_awal": "08:58",
    "waktu_akhir": "13:02",
    "harga": "Rp155.000"}
    ],
    "Madiun - Cirebon":
    [
    {"nama": "Singasari",
    "kelas": "Ekonomi",
    "waktu_awal": "12:26",
    "waktu_akhir": "19:51",
    "harga": "Rp340.000"},
    {"nama": "Ranggajati",
    "kelas": "Eksekutif",
    "waktu_awal": "18:45",
    "waktu_akhir": "01:52",
    "harga": "Rp420.000"},
    {"nama": "Argo Semeru",
    "kelas": "Eksekutif",
    "waktu_awal": "21:01",
    "waktu_akhir": "02:44",
    "harga": "Rp520.000"},
    {"nama": "Bangunkarta",
    "kelas": "Ekonomi",
    "waktu_awal": "03:29",
    "waktu_akhir": "10:22",
    "harga": "Rp330.000"},
    {"nama": "Brawijaya",
    "kelas": "Eksekutif",
    "waktu_awal": "07:30",
    "waktu_akhir": "13:18",
    "harga": "Rp515.000"},
    {"nama": "Bima",
    "kelas": "Eksekutif",
    "waktu_awal": "07:30",
    "waktu_akhir": "13:18",
    "harga": "Rp560.000"},
    {"nama": "Jayakarta",
    "kelas": "Ekonomi",
    "waktu_awal": "08:16",
    "waktu_akhir": "15:37",
    "harga": "Rp290.000"},
    {"nama": "Gajayana",
    "kelas": "Eksekutif",
    "waktu_awal": "09:28",
    "waktu_akhir": "15:21",
    "harga": "Rp630.000"},
    {"nama": "Bangunkarta",
    "kelas": "Eksekutif",
    "waktu_awal": "03:29",
    "waktu_akhir": "10:22",
    "harga": "Rp465.000"}
    ],
    "Madiun - Bandung":
    [
    {"nama": "Argo Wilis",
    "kelas": "Eksekutif",
    "waktu_awal": "19:40",
    "waktu_akhir": "03:23",
    "harga": "Rp640.000"},
    {"nama": "Malabar",
    "kelas": "Eksekutif",
    "waktu_awal": "05:20",
    "waktu_akhir": "14:35",
    "harga": "Rp625.000"},
    {"nama": "Turangga",
    "kelas": "Eksekutif",
    "waktu_awal": "18:10",
    "waktu_akhir": "14:11",
    "harga": "Rp570.000"},
    {"nama": "Mutiara Selatan",
    "kelas": "Ekonomi",
    "waktu_awal": "08:00",
    "waktu_akhir": "16:55",
    "harga": "Rp395.000"}
    ],
    "Madiun - Jakarta":
    [
    {"nama": "Brawijaya",
    "kelas": "Eksekutif",
    "waktu_awal": "03:40",
    "waktu_akhir": "12:40",
    "harga": "Rp300.000"},
    {"nama": "Singasari ",
    "kelas": "Eksekutif",
    "waktu_awal": "08:55",
    "waktu_akhir": "19:51",
    "harga": "Rp475.000"},
    {"nama": "Argo Semeru",
    "kelas": "Eksekutif",
    "waktu_awal": "18:20",
    "waktu_akhir": "02:44",
    "harga": "Rp500.000"},
    {"nama": "Gaya Baru Malam Selatan",
    "kelas": "Eksekutif",
    "waktu_awal": "23:00",
    "waktu_akhir": "09:32",
    "harga": "Rp480.000"},
    {"nama": "Bangunkarta",
    "kelas": "Eksekutif",
    "waktu_awal": "00:25",
    "waktu_akhir": "10:22",
    "harga": "Rp490.000"},
    {"nama": "Brantas",
    "kelas": "Eksekutif",
    "waktu_awal": "01:30",
    "waktu_akhir": "11:46",
    "harga": "Rp495.000"},
    {"nama": "Majapahit",
    "kelas": "Ekonomi",
    "waktu_awal": "07:20",
    "waktu_akhir": "17:30",
    "harga": "Rp300.000"},
    {"nama": "Singasari",
    "kelas": "Ekonomi",
    "waktu_awal": "08:55",
    "waktu_akhir": "19:51",
    "harga": "Rp280.000"},
    {"nama": "Matarmaja ",
    "kelas": "Ekonomi",
    "waktu_awal": "22:45",
    "waktu_akhir": "10:00",
    "harga": "Rp300.000"}
    ],
    "Yogyakarta - Purwokerto":
    [
    {"nama": "Senja Utama YK",
    "kelas": "Ekonomi",
    "waktu_awal": "12:45",
    "waktu_akhir": "15:32",
    "harga": "Rp220.000"},
    {"nama": "Taksaka Luxury",
    "kelas": "Eksekutif",
    "waktu_awal": "14:53",
    "waktu_akhir": "15:55",
    "harga": "Rp1.375.000"},
    {"nama": "Mataram",
    "kelas": "Ekonomi",
    "waktu_awal": "14:40",
    "waktu_akhir": "17:08",
    "harga": "Rp240.000"},
    {"nama": "Bogowonto",
    "kelas": "Ekonomi",
    "waktu_awal": "16:47",
    "waktu_akhir": "19:31",
    "harga": "Rp225.000"},
    {"nama": "Ranggajati",
    "kelas": "Eksekutif",
    "waktu_awal": "20:58",
    "waktu_akhir": "23:32",
    "harga": "Rp315.000"},
    {"nama": "Fajar Utama Solo",
    "kelas": "Ekonomi",
    "waktu_awal": "22:26",
    "waktu_akhir": "00:32",
    "harga": "Rp205.000"},
    {"nama": "Argo Semeru",
    "kelas": "Eksekutif",
    "waktu_awal": "22:48",
    "waktu_akhir": "00:54",
    "harga": "Rp355.000"},
    {"nama": "Joglosemarkerto",
    "kelas": "Ekonomi",
    "waktu_awal": "23:51",
    "waktu_akhir": "02:49",
    "harga": "Rp120.000"},
    {"nama": "Argo Dwipangga",
    "kelas": "Eksekutif",
    "waktu_awal": "01:05",
    "waktu_akhir": "02:58",
    "harga": "Rp340.000"}
    ], 
    "Yogyakarta - Semarang":
    [
    {"nama": "Joglosemarkerto",
    "kelas": "Ekonomi",
    "waktu_awal": "19:32",
    "waktu_akhir": "23:46",
    "harga": "Rp175.000"},
    {"nama": "Kamandaka",
    "kelas": "Eksekutif",
    "waktu_awal": "18:25",
    "waktu_akhir": "23:02",
    "harga": "Rp215.000"},
    {"nama": "Joglosemarkerto",
    "kelas": "Eksekutif",
    "waktu_awal": "19:32",
    "waktu_akhir": "23:46",
    "harga": "Rp265.000"},
    {"nama": "Matarmaja",
    "kelas": "Ekonomi",
    "waktu_awal": "05:57",
    "waktu_akhir": "09:00",
    "harga": "Rp150.000"},
    {"nama": "Brantas",
    "kelas": "Ekonomi",
    "waktu_awal": "07:49",
    "waktu_akhir": "11:06",
    "harga": "Rp90.000"},
    {"nama": "Brawijaya",
    "kelas": "Eksekutif",
    "waktu_awal": "09:32",
    "waktu_akhir": "11:40",
    "harga": "Rp375.000"},
    {"nama": "Matarmaja",
    "kelas": "Ekonomi",
    "waktu_awal": "05:57",
    "waktu_akhir": "10:00",
    "harga": "Rp85.000"},
    {"nama": "Sembrani",
    "kelas": "Eksekutif",
    "waktu_awal": "12:38",
    "waktu_akhir": "15:11",
    "harga": "Rp485.000"},
    {"nama": "Argo Bromo Angrek",
    "kelas": "Eksekutif",
    "waktu_awal": "13:22",
    "waktu_akhir": "15:35",
    "harga": "Rp490.000"}
    ],
    "Yogyakarta - Cirebon":
    [
    {"nama": "Taksaka Luxury Sleeper",
    "kelas": "Eksekutif",
    "waktu_awal": "12:05",
    "waktu_akhir": "16:00",
    "harga": "Rp1.250.000"},
    {"nama": "Singasari",
    "kelas": "Ekonomi",
    "waktu_awal": "12:26",
    "waktu_akhir": "16:37",
    "harga": "Rp275.000"},
    {"nama": "Mataram",
    "kelas": "Ekonomi",
    "waktu_awal": "12:53",
    "waktu_akhir": "16:46",
    "harga": "Rp235.000"},
    {"nama": "Manahan",
    "kelas": "Eksekutif",
    "waktu_awal": "13:38",
    "waktu_akhir": "17:58",
    "harga": "Rp445.000"},
    {"nama": "Ranggajati",
    "kelas": "Eksekutif",
    "waktu_awal": "18:45",
    "waktu_akhir": "23:32",
    "harga": "Rp315.000"},
    {"nama": "Fajar Utama Solo",
    "kelas": "Ekonomi",
    "waktu_awal": "20:36",
    "waktu_akhir": "00:32",
    "harga": "Rp205.000"},
    {"nama": "Argo Semeru",
    "kelas": "Eksekutif",
    "waktu_awal": "21:01",
    "waktu_akhir": "00:54",
    "harga": "Rp375.000"},
    {"nama": "Fajar Utama Yk",
    "kelas": "Ekonomi",
    "waktu_awal": "21:56",
    "waktu_akhir": "02:37",
    "harga": "Rp210.000"},
    {"nama": "Argo Dwipangga",
    "kelas": "Eksekutif",
    "waktu_awal": "23:21",
    "waktu_akhir": "02:58",
    "harga": "Rp520.000"}
    ],
    "Yogyakarta - Bandung":
    [
    {"nama": "Argo Wilis",
    "kelas": "Eksekutif",
    "waktu_awal": "19:40",
    "waktu_akhir": "01:35",
    "harga": "Rp545.000"},
    {"nama": "Lodaya",
    "kelas": "Eksekutif",
    "waktu_awal": "18:55",
    "waktu_akhir": "01:55",
    "harga": "Rp445.000"},
    {"nama": "Malabar",
    "kelas": "Eksekutif",
    "waktu_awal": "05:20",
    "waktu_akhir": "12:09",
    "harga": "Rp425.000"},
    {"nama": "Turangga",
    "kelas": "Eksekutif",
    "waktu_awal": "06:10",
    "waktu_akhir": "12:19",
    "harga": "Rp465.000"},
    {"nama": "Mutiara Selatan",
    "kelas": "Ekonomi",
    "waktu_awal": "08:00",
    "waktu_akhir": "14:59",
    "harga": "Rp465.000"}
    ],
    "Yogyakarta - Jakarta":
    [
    {"nama": "Taksaka",
    "kelas": "Eksekutif",
    "waktu_awal": "06:00",
    "waktu_akhir": "11:04",
    "harga": "Rp550.000"},
    {"nama": "Sancaka ",
    "kelas": "Eksekutif",
    "waktu_awal": "06:00",
    "waktu_akhir": "11:04",
    "harga": "Rp470.000"},
    {"nama": "Malioboro Ekspress",
    "kelas": "Eksekutif",
    "waktu_awal": "06:00",
    "waktu_akhir": "11:04",
    "harga": "Rp560.000"},
    {"nama": "Bima",
    "kelas": "Eksekutif",
    "waktu_awal": "06:00",
    "waktu_akhir": "11:04",
    "harga": "Rp400.000"},
    {"nama": "Gumarang",
    "kelas": "Eksekutif",
    "waktu_awal": "06:00",
    "waktu_akhir": "11:04",
    "harga": "Rp365.000"},
    {"nama": "Jaka Tingkir",
    "kelas": "Eksekutif",
    "waktu_awal": "06:00",
    "waktu_akhir": "11:04",
    "harga": "Rp360.000"},
    {"nama": "Mataram",
    "kelas": "Ekonomi",
    "waktu_awal": "09:05",
    "waktu_akhir": "17:08",
    "harga": "Rp250.000"},
    {"nama": "Bogowonto",
    "kelas": "Ekonomi",
    "waktu_awal": "11:00",
    "waktu_akhir": "19:31",
    "harga": "Rp275.000"},
    {"nama": "Fajar Utama Solo",
    "kelas": "Eksekutif",
    "waktu_awal": "17:55",
    "waktu_akhir": "01:34",
    "harga": "Rp475.000"}
    ],
    "Purwokerto - Semarang":
    [
    {"nama": "Joglosemarkerto",
    "kelas": "Ekonomi",
    "waktu_awal": "19:32",
    "waktu_akhir": "02:23",
    "harga": "Rp200.000"},
    {"nama": "Joglosemarkerto",
    "kelas": "Eksekutif",
    "waktu_awal": "19:32",
    "waktu_akhir": "02:57",
    "harga": "Rp310.000"},
    {"nama": "Joglosemarkerto",
    "kelas": "Ekonomi",
    "waktu_awal": "19:32",
    "waktu_akhir": "02:57",
    "harga": "Rp175.000"},
    {"nama": "Kamandaka",
    "kelas": "Eksekutif",
    "waktu_awal": "18:25",
    "waktu_akhir": "04:02",
    "harga": "Rp315.000"},
    {"nama": "Matarmaja",
    "kelas": "Ekonomi",
    "waktu_awal": "05:57",
    "waktu_akhir": "09:30",
    "harga": "Rp130.000"},
    {"nama": "Sembrani",
    "kelas": "Eksekutif",
    "waktu_awal": "12:38",
    "waktu_akhir": "16:30",
    "harga": "Rp385.000"},
    {"nama": "Argo Bromo Angrek",
    "kelas": "Eksekutif",
    "waktu_awal": "13:22",
    "waktu_akhir": "16:57",
    "harga": "Rp490.000"},
    {"nama": "Pandalungan",
    "kelas": "Eksekutif",
    "waktu_awal": "14:42",
    "waktu_akhir": "19:41",
    "harga": "Rp260.000"}
    ],
    "Purwokerto - Cirebon":
    [
    {"nama": "Taksaka Luxury Sleeper",
    "kelas": "Eksekutif",
    "waktu_awal": "12:05",
    "waktu_akhir": "13:48",
    "harga": "Rp1.250.000"},
    {"nama": "Singasari",
    "kelas": "Ekonomi",
    "waktu_awal": "12:26",
    "waktu_akhir": "14:29",
    "harga": "Rp205.000"},
    {"nama": "Mataram",
    "kelas": "Ekonomi",
    "waktu_awal": "12:53",
    "waktu_akhir": "14:44",
    "harga": "Rp250.000"},
    {"nama": "Manahan",
    "kelas": "Eksekutif",
    "waktu_awal": "13:38",
    "waktu_akhir": "15:31",
    "harga": "Rp445.000"},
    {"nama": "Ranggajati",
    "kelas": "Eksekutif",
    "waktu_awal": "18:45",
    "waktu_akhir": "20:53",
    "harga": "Rp250.000"},
    {"nama": "Fajar Utama Solo",
    "kelas": "Eksekutif",
    "waktu_awal": "20:36",
    "waktu_akhir": "22:21",
    "harga": "Rp375.000"},
    {"nama": "Argo Semeru",
    "kelas": "Eksekutif",
    "waktu_awal": "21:01",
    "waktu_akhir": "22:43",
    "harga": "Rp315.000"},
    {"nama": "Fajar Utama Yk",
    "kelas": "Ekonomi",
    "waktu_awal": "21:56",
    "waktu_akhir": "00:02",
    "harga": "Rp195.000"},
    {"nama": "Sawunggalih",
    "kelas": "Ekonomi",
    "waktu_awal": "22:12",
    "waktu_akhir": "00:17",
    "harga": "Rp140.000"}
    ],
    "Purwokerto - Bandung":
    [
    {"nama": "Baturraden Ekspres",
    "kelas": "Eksekutif",
    "waktu_awal": "20:10",
    "waktu_akhir": "02:52",
    "harga": "Rp225.000"},
    {"nama": "Argo Wilis",
    "kelas": "Eksekutif",
    "waktu_awal": "19:40",
    "waktu_akhir": "02:35",
    "harga": "Rp445.000"},
    {"nama": "Mutiara Selatan",
    "kelas": "Ekonomi",
    "waktu_awal": "08:00",
    "waktu_akhir": "13:59",
    "harga": "Rp365.000"}
    ],
    "Purwokerto - Jakarta":
    [
    {"nama": "Kutojaya Utara",
    "kelas": "Ekonomi",
    "waktu_awal": "16:55",
    "waktu_akhir": "22:34",
    "harga": "Rp170.000"},
    {"nama": "Serayu ",
    "kelas": "Ekonomi",
    "waktu_awal": "19:15",
    "waktu_akhir": "00:36",
    "harga": "Rp175.000"},
    {"nama": "Gaya Baru Malam Selatan",
    "kelas": "Eksekutif",
    "waktu_awal": "22:55",
    "waktu_akhir": "04:42",
    "harga": "Rp300.000"},
    {"nama": "Bangunkarta",
    "kelas": "Eksekutif",
    "waktu_awal": "23:40",
    "waktu_akhir": "05:06",
    "harga": "Rp360.000"},
    {"nama": "Jaka Tingkir",
    "kelas": "Ekonomi",
    "waktu_awal": "00:50",
    "waktu_akhir": "05:55",
    "harga": "Rp180.000"},
    {"nama": "Jayakarta",
    "kelas": "Ekonomi",
    "waktu_awal": "05:10",
    "waktu_akhir": "10:40",
    "harga": "Rp200.000"},
    {"nama": "Singasari",
    "kelas": "Eksekutif",
    "waktu_awal": "05:30",
    "waktu_akhir": "10:59",
    "harga": "Rp450.000"},
    {"nama": "Mataram",
    "kelas": "Eksekutif",
    "waktu_awal": "09:05",
    "waktu_akhir": "14:27",
    "harga": "Rp390.000"},
    {"nama": "Progo",
    "kelas": "Ekonomi",
    "waktu_awal": "10:30",
    "waktu_akhir": "16:14",
    "harga": "Rp460.000"}
    ],
    "Semarang - Cirebon":
    [
    {"nama": "Harina",
    "kelas": "Eksekutif",
    "waktu_awal": "12:34",
    "waktu_akhir": "15:32",
    "harga": "Rp335.000"},
    {"nama": "Argo Muria",
    "kelas": "Eksekutif",
    "waktu_awal": "13:06",
    "waktu_akhir": "15:45",
    "harga": "Rp325.000"},
    {"nama": "Argo Bromo Angrek",
    "kelas": "Eksekutif",
    "waktu_awal": "00:46",
    "waktu_akhir": "02:09",
    "harga": "Rp615.000"},
    {"nama": "Sembrani",
    "kelas": "Eksekutif",
    "waktu_awal": "00:56",
    "waktu_akhir": "03:25",
    "harga": "Rp510.000"},
    {"nama": "Tawang Jaya Premium",
    "kelas": "Ekonomi",
    "waktu_awal": "01:10",
    "waktu_akhir": "04:31",
    "harga": "Rp150.000"},
    {"nama": "Argo Merbabu",
    "kelas": "Eksekutif",
    "waktu_awal": "05:19",
    "waktu_akhir": "08:28",
    "harga": "Rp235.000"},
    {"nama": "Brawijaya",
    "kelas": "Eksekutif",
    "waktu_awal": "06:35",
    "waktu_akhir": "09:27",
    "harga": "Rp425.000"},
    {"nama": "Argo Sindoro",
    "kelas": "Eksekutif",
    "waktu_awal": "07:15",
    "waktu_akhir": "09:50",
    "harga": "Rp325.000"},
    {"nama": "Jayabaya",
    "kelas": "Ekonomi",
    "waktu_awal": "08:34",
    "waktu_akhir": "11:41",
    "harga": "Rp210.000"}
    ],
    "Semarang - Bandung":
    [
    {"nama": "Ciremai",
    "kelas": "Eksekutif",
    "waktu_awal": "04:50",
    "waktu_akhir": "12:59",
    "harga": "Rp395.000"},
    {"nama": "Harina",
    "kelas": "Eksekutif",
    "waktu_awal": "08:25",
    "waktu_akhir": "15:31",
    "harga": "Rp445.000"},
    {"nama": "Ciremai",
    "kelas": "Ekonomi",
    "waktu_awal": "04:50",
    "waktu_akhir": "13:09",
    "harga": "Rp230.000"},
    {"nama": "Harina",
    "kelas": "Ekonomi",
    "waktu_awal": "08:25",
    "waktu_akhir": "15:31",
    "harga": "Rp260.000"}
    ],
    "Semarang - Jakarta":
    [
    {"nama": "Tawang Jaya Premium",
    "kelas": "Eksekutif",
    "waktu_awal": "18:30",
    "waktu_akhir": "23:45",
    "harga": "Rp300.000"},
    {"nama": "Matarmaja ",
    "kelas": "Ekonomi",
    "waktu_awal": "17:55",
    "waktu_akhir": "23:25",
    "harga": "Rp250.000"},
    {"nama": "Brantas",
    "kelas": "Ekonomi",
    "waktu_awal": "01:30",
    "waktu_akhir": "07:56",
    "harga": "Rp280.000"},
    {"nama": "Kertajaya",
    "kelas": "Ekonomi",
    "waktu_awal": "02:10",
    "waktu_akhir": "08:52",
    "harga": "Rp275.000"},
    {"nama": "Gumarang",
    "kelas": "Eksekutif",
    "waktu_awal": "03:50",
    "waktu_akhir": "10:21",
    "harga": "R400.000"},
    {"nama": "Jayabaya",
    "kelas": "Eksekutif",
    "waktu_awal": "04:45",
    "waktu_akhir": "11:08",
    "harga": "Rp380.000"},
    {"nama": "Menoreh",
    "kelas": "Ekonomi",
    "waktu_awal": "07:25",
    "waktu_akhir": "14:20",
    "harga": "Rp129.000"},
    {"nama": "Majapahit",
    "kelas": "Ekonomi",
    "waktu_awal": "08:10",
    "waktu_akhir": "14:43",
    "harga": "Rp170.000"},
    {"nama": "Tawang Jaya",
    "kelas": "Ekonomi",
    "waktu_awal": "09:40",
    "waktu_akhir": "16:32",
    "harga": "Rp150.000"}
    ],
    "Cirebon - Bandung":
    [
    {"nama": "Ciremai",
    "kelas": "Eksekutif",
    "waktu_awal": "04:50",
    "waktu_akhir": "09:17",
    "harga": "Rp215.000"},
    {"nama": "Harina",
    "kelas": "Eksekutif",
    "waktu_awal": "08:25",
    "waktu_akhir": "12:29",
    "harga": "Rp335.000"},
    {"nama": "Ciremai",
    "kelas": "Ekonomi",
    "waktu_awal": "04:50",
    "waktu_akhir": "09:17",
    "harga": "Rp130.000"},
    {"nama": "Harina",
    "kelas": "Ekonomi",
    "waktu_awal": "08:25",
    "waktu_akhir": "12:29",
    "harga": "Rp190.000"}
    ],
    "Cirebon - Jakarta":
    [
    {"nama": "Argo Semeru",
    "kelas": "Eksekutif",
    "waktu_awal": "18:20",
    "waktu_akhir": "20:04",
    "harga": "Rp280.000"},
    {"nama": "Argo Muria ",
    "kelas": "Eksekutif",
    "waktu_awal": "19:00",
    "waktu_akhir": "21:41",
    "harga": "Rp250.000"},
    {"nama": "Argo Bromo Angrek",
    "kelas": "Eksekutif",
    "waktu_awal": "20:20",
    "waktu_akhir": "22:11",
    "harga": "Rp300.000"},
    {"nama": "Sawunggalih",
    "kelas": "Eksekutif",
    "waktu_awal": "02:00",
    "waktu_akhir": "04:14",
    "harga": "Rp275.000"},
    {"nama": "Argo Cheribon",
    "kelas": "Ekonomi",
    "waktu_awal": "06:00",
    "waktu_akhir": "09:04",
    "harga": "Rp180.000"},
    {"nama": "Tawang Jaya Premium",
    "kelas": "Ekonomi",
    "waktu_awal": "05:15",
    "waktu_akhir": "07:45",
    "harga": "Rp190.000"},
    {"nama": "Gumarang",
    "kelas": "Eksekutif",
    "waktu_awal": "03:50",
    "waktu_akhir": "06:45",
    "harga": "Rp360.000"},
    {"nama": "Sembrani",
    "kelas": "Eksekutif",
    "waktu_awal": "22:20",
    "waktu_akhir": "07:45",
    "harga": "Rp275.000"},
    {"nama": "Jayabaya",
    "kelas": "Ekonomi",
    "waktu_awal": "04:45",
    "waktu_akhir": "07:43",
    "harga": "Rp95.000"}
    ],
    "Bandung - Jakarta":
    [
    {"nama": "Argo Bromo Angrek",
    "kelas": "Eksekutif",
    "waktu_awal": "03:00",
    "waktu_akhir": "04:04",
    "harga": "Rp250.000"},
    {"nama": "Argo Lawu",
    "kelas": "Eksekutif",
    "waktu_awal": "21:20",
    "waktu_akhir": "22:34",
    "harga": "Rp200.000"},
    {"nama": "Argo Wilis",
    "kelas": "Eksekutif",
    "waktu_awal": "20:25",
    "waktu_akhir": "21:14",
    "harga": "Rp225.000"},
    {"nama": "Gajayana",
    "kelas": "Eksekutif",
    "waktu_awal": "04:00",
    "waktu_akhir": "03:04",
    "harga": "Rp200.000"},
    {"nama": "Argo Parahyangan Tambahan",
    "kelas": "Eksekutif",
    "waktu_awal": "02:00",
    "waktu_akhir": "03:04",
    "harga": "Rp250.000"},
    {"nama": "Cikuray",
    "kelas": "Ekonomi",
    "waktu_awal": "01:00",
    "waktu_akhir": "02:15",
    "harga": "Rp100.000"},
    {"nama": "Argo Parahyangan",
    "kelas": "Ekonomi",
    "waktu_awal": "05:00",
    "waktu_akhir": "06:15",
    "harga": "Rp70.000"}
    ]
} 