{
    "Abid": [
        {
            "Kode": "68HY9F",
            "Nama Lengkap": "Fahriza",
            "Email": "fahriza@gmail.com",
            "No. HP": "0822951247",
            "Kereta": "Kutojaya Utara",
            "Kelas": "Ekonomi",
            "Harga": "Rp170.000",
            "Kota Asal": "Jakarta",
            "Kota Tujuan": "Purwokerto",
            "Waktu Berangkat": "04:55",
            "Waktu Sampai": "10:34",
            "Tanggal Pesan": "2023-06-17"
        },
        {
            "Kode": "HKNL7K",
            "Nama Lengkap": "Yusuf",
            "Email": "ysuuf@gmail.com",
            "No. HP": "09800000",
            "Kereta": "Sembrani",
            "Kelas": "Eksekutif",
            "Harga": "Rp360.000",
            "Kota Asal": "Surabaya",
            "Kota Tujuan": "Jakarta",
            "Waktu Berangkat": "07:30",
            "Waktu Sampai": "16:11",
            "Tanggal Pesan": "2023-06-23"
        }
    ],
    "Fahriza": []
}